<project name="ALFA_AURORA_BRANCH" default="AlfaAuroraBranch">
	<taskdef resource="svntask.properties"/>
	<property file="build.properties"></property>
	<target name="AlfaAuroraBranch">
		<svn username="${user.username}" password="${user.password}" javahl="true" >
            <delete url="https://ibanksvn01.cb.sekerbank.com.tr/svn/IBANKRepository/branches/ALFA/IBANKAurora" message="ALFA Deleted"/>
            <copy srcUrl="https://ibanksvn01.cb.sekerbank.com.tr/svn/IBANKRepository/trunk/DEVELOPMENT/IBANKAurora/" destUrl="https://ibanksvn01.cb.sekerbank.com.tr/svn/IBANKRepository/branches/ALFA/IBANKAurora/" message = "Alfa Surum" />
		</svn>
	</target>
</project>


