<project name="PROD_AURORA_BRANCH" default="PRODAuroraBranch">
	<taskdef resource="svntask.properties"/>
	<property file="build.properties"></property>
	<target name="PRODAuroraBranch">
		<svn username="${user.username}" password="${user.password}"  javahl="true" >
            <delete url="https://ibanksvn01.cb.sekerbank.com.tr/svn/IBANKRepository/branches/PROD/IBANKAurora" message="PROD Deleted"/>
            <copy srcUrl="https://ibanksvn01.cb.sekerbank.com.tr/svn/IBANKRepository/trunk/DEVELOPMENT/IBANKAurora/" destUrl="https://ibanksvn01.cb.sekerbank.com.tr/svn/IBANKRepository/branches/PROD/IBANKAurora/" message="PROD Surum" />

		</svn>
	</target>
</project>